Palabra,Sinonimo
abandonar,abandonar
avandono,abandonar
abarcar,abarcar
abarrote,abarrote
abastecenla,abastecer
abastecer,abastecer
abastecerse,abastecer
abastesen,abastecer
abastecia,abastecia
abasterciendo,abasteciendo
abasteciendose,abasteciendo
abierntas,abiertas
abogar,abogar
abolladura,abolladura
abardan,abordan
abordar,abordar
bordar,abordar
abrir,abrir
abrirla,abrir
abundante,abundante
acabar,acabar
campar,acampar
acceder,acceder
acceso,acceso
accesorio,accesorio
accidentar,accidentar
accion,accion
acechar,acechar
aceitar,aceitar
acepto,aceptar
acerar,acera
acerra,acera
acercar,acercar
acometer,acometida
acoemtida,acometida
acomedita,acometida
acomentida,acometida
acomertida,acometida
acometda,acometida
acometia,acometida
acometida,acometida
acometidad,acometida
acometidahabitantes,acometida
acometidamedidor,acometida
acometidanota,acometida
acomtida,acometida
acometidapredio,acometida
acompa,acompaña
acondicionar,acondicionar
acordar,acordar
acordde,acorde
acorde,acorde
acordea,acorde
acta,acta
activar,activar
activadad,actividad
activdad,actividad
actividad,actividad
actvidad,actividad
activo,activo
actual,actual
actualizacion,actualizacion
actualizacon,actualizacion
actualizar,actualizar
actualizarla,actualizar
actualzar,actualizar
actualziar,actualizar
actuarizar,actualizar
actulizar,actualizar
acturalizar,actualizar
atualizar,actualizar
actualmente,actualmente
acto,acueducto
acueducto,acueducto
adto,acueducto
adaptador,adaptador
adtador,adaptador
adaptar,adaptar
adecuacion,adecuacion
adeguacion,adecuacion
adelantar,adelantar
ademar,ademas
adentrar,adentrar
dentra,adentro
dentran,adentro
dentrar,adentro
desntro,adentro
adicional,adicional
admin,administracion
administraccion,administracion
administracion,administracion
administracionhabitantes,administracion
administracon,administracion
admnon,administracion
admon,administracion
administrador,administrador
administrativo,administrativo
adobe,adobe
adoquin,adoquin
adoquinar,adoquinar
adquirir,adquirir
aducir,aducir
adulto,adulto
aeropuerto,aeropuerto
afan,afan
afectacion,afectacion
afectar,afectar
afecto,afectar
afinar,afinar
afirmar,afirmar
afrma,afirmar
afirmativo,afirmativo
afluencia,afluencia
afluente,afluente
aforar,aforar
aforo,aforar
agenciar,agenciar
agente,agente
aglomeracion,aglomeracion
agostar,agotar
agredirnos,agredir
agregar,agregar
agreciba,agresivo
agresivo,agresivo
agrietamiento,agrietamiento
aguar,aguar
aguja,aguja
agumentando,agumentando
ahora,ahora
haora,ahora
ahorrador,ahorrador
ahorando,ahorrando
ahorrar,ahorrar
aire,aire
isadas,aislada
aislamiento,aislar
aislandolo,aislar
aislar,aislar
ajeno,ajeno
alcaldia,alcaldia
alcantarillar,alcantarillado
alcanzar,alcanzar
aleda,aledaño
alegar,alegar
algibe,algibe
algo,algo
algun,alguno
alguno,alguno
alicoramiento,alicoramiento
alimentar,alimentar
alimenticio,alimenticio
aliemntos,alimento
alimento,alimento
almac,almacen
almacen,almacen
almacenamiento,almacen
almadana,almadana
almorzar,almorzar
alojamiento,alojamiento
alquilar,alquilar
alrededor,alrededor
rededor,alrededor
alteracion,alteracion
alto,alto
alud,alud
talud,alud
aluminio,aluminio
alumno,alumno
alzar,alzar
ambos,ambos
ambulante,ambulante
amenazar,amenazar
ampliacion,ampliacion
ancho,ancho
anclar,anclar
andar,andar
andel,anden
andem,anden
andén,anden
anillar,anillar
animal,animal
aanomalias,anomalia
amalia,anomalia
anmalias,anomalia
anoamalia,anomalia
anoamalias,anomalia
anoamlia,anomalia
anomal,anomalia
anomalaias,anomalia
anomalais,anomalia
anomalas,anomalia
anomali,anomalia
anomalia,anomalia
anomaliahabitantes,anomalia
anomaliaohabitantes,anomalia
anomalias,anomalia
anomaliascon,anomalia
anomaliasen,anomalia
anomalioas,anomalia
anomalis,anomalia
anomlai,anomalia
anomlaia,anomalia
anomlaias,anomalia
anomlia,anomalia
anomlias,anomalia
omalia,anomalia
ante,ante
antes,ante
antejardin,antejardin
anterior,anterior
anteriormente,anterior
anterirmente,anterior
aantes,antes
anticipar,anticipar
antiretorno,antiretorno
antitecnico,antitecnico
anular,anular
anunciar,anunciar
aparecer,aparecer
apartahotel,apartahotel
apartamento,apartamento
apto,apartamento
apartar,apartar
apenar,apenar
aperrtura,apertura
apertira,apertura
apertura,apertura
aperturia,apertura
apique,apique
apiques,apique
aprobacion,aprobar
aprovechar,aprovechar
aproximadamente,aproximadamente
aproximadamenten,aproximadamente
aproximademente,aproximadamente
aproximandamente,aproximadamente
aproximar,aproximar
area,area
areas,area
arenar,arenar
arepa,arepa
arguemnta,argumenta
arguenta,argumenta
arguma,argumenta
argumena,argumenta
argumenat,argumenta
argumentar,argumenta
argumentea,argumenta
argumeta,argumenta
argumetan,argumenta
arhumenta,argumenta
armenta,argumenta
argunmenta,argumenta
armar,armar
arquitecto,arquitecto
arrancar,arrancar
arrazado,arrasado
arrasar,arrasar
arrastrar,arrastrar
arreglar,arreglar
arreglarla,arreglar
arreglo,arreglar
arrendamiento,arrendar
arrendar,arrendar
arrendatario,arrendatario
arribar,arribar
arrumar,arrumar
articulos,articulo
ascensor,ascensor
asear,asear
aseguramiento,aseguramiento
asegurar,asegurar
asentamiento,asentamiento
asesorar,asesorar
asistente,asistente
asociar,asociar
asomar,asomar
asumira,asumir
sunto,asunto
atencion,atencion
atencon,atencion
atende,atender
atender,atender
atendernos,atender
atendo,atender
atraer,atraer
atras,atrás
atravezadas,atravesada
aumentar,aumentar
aun,aun
automaticos,automatico
automotos,automotos
automotriz,automotriz
auto,automovil
automovil,automovil
automoviles,automovil
carro,automovil
autopista,autopista
auotoriza,autoriza
autorizacion,autorizacion
autorizzacion,autorizacion
auotorizacion,autorizacion
autoirzado,autorizado
autorizdo,autorizado
autoirza,autorizar
autoria,autorizar
autoriacion,autorizar
autorizaci,autorizar
autorizacio,autorizar
autorizacion,autorizar
autorizacon,autorizar
autorizadad,autorizar
autorizar,autorizar
autorza,autorizar
autorzado,autorizar
autotriza,autorizar
autoservicio,autoservicio
auxiliar,auxiliar
aval,aval
avalancha,avalancha
avaluar,avaluar
avanzndo,avanzando
avazando,avanzando
avanzar,avanzar
avanzna,avanzar
avazan,avanzar
avisar,avisar
avisarle,avisar
abajar,bajar
bajabo,bajar
bajar,bajar
bajito,bajo
bajo,bajo
bjo,bajo
valdio,baldio
valdosas,baldosa
banco,banco
banda,banda
banquete,banquete
bao,bar
bar,bar
barato,barato
barberia,barberia
barramco,barranco
barranca,barranco
barranco,barranco
barrio,barrio
base,base
bastante,bastante
basura,basura
basurta,basura
bateria,bateria
baterias,bateria
bazar,bazar
beber,beber
belleza,belleza
bie,bien
bien,bien
biene,bien
biuen,bien
ebiuen,bien
bienvenido,bienvenido
billar,billar
biologico,biologico
bisuteria,bisuteria
blanco,blanco
blano,blanco
blindaje,blindaje
bloque,bloque
blocar,bloquear
bloquear,bloquear
bodega,bodega
bolsa,bolsa
bombear,bombear
bombo,bombo
borrar,borrar
botar,botar
botella,botella
brazalete,brazalete
bridar,bridar
brindar,bridar
bronx,bronx
bue,buen
enbuen,buen
buea,buena
buenaq,buena
bueno,bueno
buenob,bueno
buitron,buitron
bulto,bulto
burbuja,burbuja
bus,bus
buscandolo,buscar
buscar,buscar
buscarlo,buscar
busqueda,busqueda
buzon,buzon
bypass,by pass
pass,by pass
cable,cable
cada,cada
cadena,cadena
cafe,cafe
cafeter,cafeteria
cafeteria,cafeteria
cai,cai
caida,caida
caide,caida
cailla,caja
caj,caja
caja,caja
cajia,caja
cajiila,caja
cajiilla,caja
cajila,caja
cajilas,caja
cajill,caja
cajilla,caja
cajillas,caja
cajolla,caja
cajon,caja
cja,caja
cjaa,caja
sincaja,caja
cajlla,caja
cajero,cajero
ajilla,cajilla
calcular,calcular
caldera,caldera
calibracion,calibracion
call,call
callar,callar
callejon,callejon
caloría,caloria
calzar,calzar
cama,cama
camara,camara
camaras,camara
camabia,cambiar
cambar,cambiar
cambiar,cambiar
cambiarce,cambiar
cambiarla,cambiar
cambiarlo,cambiar
cambiio,cambiar
cambo,cambiar
camio,cambiar
concambio,cambio
camerino,camerino
caminar,caminar
cancelacion,cancelar
cancelar,cancelar
cancha,cancha
caneca,caneca
canilla,canilla
canlla,canilla
canoa,canoa
cansar,cansar
canson,canson
cantera,cantero
cant,cantidad
cantidad,cantidad
capacida,capacidad
capacidad,capacidad
captar,captar
caracter,carácter
cargar,cargar
carne,carne
carnicos,carne
caro,caro
carpinteria,carpinteria
carrera,carrera
carta,carta
cartel,cartel
casar,casar
caseta,caseta
casi,casi
casino,casino
causar,causar
cavo,cavar
cavidad,cavidad
celador,celador
celular,celular
cementar,cementar
cementerio,cementerio
censar,censar
central,central
centrar,centrar
ceramica,ceramica
cercano,cercano
cero,cero
cerardo,cerrado
cerradao,cerrado
cerrado,cerrado
cerraado,cerrado
cerrajeria,cerrajeria
cerra,cerrar
cerrar,cerrar
cerrarlas,cerrar
errar,cerrar
cerro,cerro
certificador,certificar
chance,chance
chatarreria,chatarreria
cheke,cheque
cheque,cheque
chino,chino
chocar,chocar
chuzadas,chuzadas
cielo,cielo
cuerre,cierre
cifrar,cifra
cigarreria,cigarreria
sincel,cincel
citar,citar
citofono,citofono
ciudad,ciudad
clandes,clandestina
clandestino,clandestina
landestina,clandestina
claridad,claridad
clase,clase
clausurar,clausurar
cleintes,cliente
cliente,cliente
clientela,cliente
clinica,clinica
cloro,cloro
cobrar,cobrar
cobro,cobrar
cocinar,cocinar
cocineta,cocineta
coger,coger
cojida,cogida
cojieron,cogieron
coinciede,coincide
coincude,coincide
concide,coincide
coincidir,coincidir
colaborar,colaborar
colaora,colaborar
colchón,colchon
colegiar,colegio
collar,collar
colocar,colocar
color,color
columna,columna
comenzar,comenzar
comer,comer
cimercial,comercial
comercial,comercial
comercioal,comercial
comerciante,comerciante
comida,comida
comidad,comida
comision,comision
comison,comision
compa,compactar
compactar,compactar
compacto,compactar
complactada,compactar
comparacion,comparacion
compartir,compartir
complementar,complementar
complemento,complemento
complento,complemento
completamente,completamente
completar,completar
completo,completar
componer,componer
comprar,comprar
compraventa,compraventa
comprender,comprender
comprimir,comprimir
comprobar,comprobar
comprometer,comprometer
comun,comun
común,comun
comnunal,comunal
comuinal,comunal
comunal,comunal
comunicacion,comunicación
comunicatarias,comunicación
comunicar,comunicar
cominicacion,comunicarcion
comunidad,comunidad
comunita,comunidad
comunitario,comunitario
munitario,comunitario
concesionario,concesionario
concienciar,concienzar
concordar,concordar
concretar,concretar
concrecto,concreto
concurrente,concurrente
condenar,condenar
condicion,condicion
condicionar,condicionar
condicciones,condiciones
conductor,conductor
conetada,conectada
contectado,conectado
conctan,conectar
conectar,conectar
conectarse,conectarse
conexion,conexión
conexionar,conexión
conexon,conexión
confeccionar,confeccionar
configurar,configurar
confima,confirma
confirmar,confirma
conformar,confirma
seconfirma,confirma
conirman,confirmar
conforme,conforme
conformehabitantes,conforme
conformeprimera,conforme
congregar,congregar
conica,conica
conjuntar,conjunto
conocer,conocer
conocimienti,conocimiento
conocimiento,conocimiento
consorcio,consorcio
constancia,constancia
constante,constante
constantemente,constantemente
constatar,constatar
construcci,construccion
construccion,construccion
construccon,construccion
construcion,construccion
contruccion,construccion
contructivo,construccion
constructor,constructor
construir,construir
consula,consultar
consultar,consultar
consultorio,consultorio
cinsumos,consumo
cons,consumo
consu,consumo
consumir,consumo
consumo,consumo
consuo,consumo
consuos,consumo
conusmo,consumo
conusmos,consumo
contactar,contactar
contactarlos,contactar
contar,contar
contecion,contencion
contenccion,contencion
contencion,contencion
contencon,contencion
conteccion,contencion
contestar,contestar
contiguo,contiguo
continuaci,continuacion
continuamente,continuamente
continuan,continuar
continuar,continuar
contunua,continuar
continuo,continuo
contra,contra
contrabando,contrabando
contraflijo,contraflujo
contrafluijo,contraflujo
contraflujo,contraflujo
contrafluo,contraflujo
contrafujo,contraflujo
contrario,contrario
contratar,contratar
contratista,contratista
contril,control
control,control
controlar,controlar
convencional,convencional
coopertativa,cooperativa
coordinador,coordinador
coordinar,coordinar
ciopia,copia
cipia,copia
copai,copiar
copar,copiar
copiar,copiar
corporacion,corporacion
corecta,correcta
correcto,correcta
correctivo,correctivo
corredor,corredor
corregir,corregir
corregirla,corregir
corregirle,corregir
correr,correr
corresponder,corresponder
correspondia,corresponder
correspondiente,corresponder
corresponia,corresponder
correponsal,corresponsal
correspon,corresponsal
corrida,corrida
citte,corriente
corrigeron,corrigieron
corrije,corrije
cortar,cortar
corto,corto
cosmeticos,cosmetico
costal,costal
costar,costar
costo,costar
crecio,crecer
creciente,creciente
crecimiento,creciente
cristralizada,cristalizada
cristalizar,cristalizar
cruzar,cruzar
cudra,cuadra
cuadrante,cuadrante
cuadrar,cuadrar
cuadro,cuadro
cualquiera,cualquiera
cuando,cuando
cuano,cuando
cuanto,cuanto
cuartar,cuartar
cubierrto,cubierto
cubrir,cubrir
cuadralao,cudralado
cuenta,cuenta
cuentra,cuenta
cuienta,cuenta
cuidar,cuidar
culminar,culminar
cumplio,cumplir
cumplir,cumplir
cuneta,cuneta
cupiula,cupula
cupul,cupula
cupula,cupula
cupulan,cupula
cupuula,cupula
cuula,cupula
supula,cupula
curaduria,curaduria
cural,cural
cursar,cursar
custodiar,custodiar
custodio,custodiar
dar,dar
dara,dar
darle,dar
darnos,dar
datar,dato
dato,dato
nodatos,datos
deber,deber
deberia,deber
devido,debido
decian,decir
decir,decir
deficiente,deficiente
definir,definir
definitivo,definitivo
dja,deja
dejar,dejar
dejarlo,dejar
deka,dejar
dejarla,dejar
demandar,demandar
demas,demas
demaciado,demasiado
demoler,demoler
demolicion,demolicion
demolucion,demolicion
dental,dental
denunciar,denunciar
depender,depender
deportivo,deportivo
depositar,depositar
derecho,derecho
derivacion,derivacion
derivar,derivar
derramar,derramar
derrumbar,derrumbar
desarollo,desarrollo
desarrollar,desarrollo
desarrolloan,desarrollo
desarrolo,desarrollo
desarroollo,desarrollo
desarrrollo,desarrollo
deserrollo,desarrollo
deserollo,desarrollo
desbordamiento,desbordar
desbordar,desbordar
descalibrado,descalibrado
descargar,descargar
descargarla,descargar
descartar,descartar
decentrado,descentrado
descentrar,descentrar
descomponer,descomponer
descomposicion,descomponer
desconectar,desconectar
desconocer,desconocer
desconose,desconocer
desde,desde
desechable,desechable
desecho,desechable
desemportra,desempotrar
desempotramiento,desempotrar
desempotrar,desempotrar
deshabitar,deshabitar
deslizamiento,deslizamiento
desmanteladanota,desmantelada
desmontaje,desmontaje
desmontar,desmontar
desmotar,desmontar
descocupado,desocupado
descupado,desocupado
desicupado,desocupado
desocuopado,desocupado
desoupados,desocupado
desocupar,desocupar
despachar,despachar
despegar,despegar
despejar,despejar
desperdiciar,desperdiciar
desplazamiento,desplazar
desplazar,desplazar
depues,despues
despues,despues
destapar,destapar
destaparla,destapar
desrtocar,destrocar
destrocar,destrocar
destrido,destruido
destrudio,destruido
destrudo,destruido
destruio,destruido
detruido,destruido
destruir,destruir
detallar,detallar
deterioda,deteriorado
deterioreado,deteriorado
deteriorar,deteriorar
determinar,determinar
detras,detras
devolucion,devolucion
devolver,devolver
devolvio,devolver
dialicis,dialisis
diameatro,diametro
diametro,diametro
diariamente,diario
diario,diario
diaron,diario
dise,dice
dicha,dicho
dicho,dicho
diferenciar,diferenciar
diferente,diferente
dficulta,dificultar
dificultar,dificultar
digital,digital
digitos,digitos
digito,digitos
dinero,dinero
dir,direccion
direcci,direccion
direccion,direccion
direccon,direccion
direccionar,direccionar
direccionarlo,direccionar
directo,directo
dirigir,dirigir
dirigirce,dirigir
desminucion,disminucion
disminuir,disminuir
disparar,disparar
disponble,disponible
disponibble,disponible
disponible,disponible
dispositivo,dispositivo
dispositvo,dispositivo
distanciar,distanciar
distribuccion,distribucion
distribucion,distribucion
distribucon,distribucion
distribuidor,distribuidor
documentar,documentar
documento,documento
documeto,documento
domiciliar,domiciliar
domingo,domingo
donde,donde
ndonde,donde
drogar,drogar
drogueria,drogueria
duchar,duchar
dueno,dueño
duplicar,duplicar
durante,durante
duro,duro
ebanisteria,ebanisteria
echar,echar
ecnomica,economica
ecnonomica,economica
economica,economica
economicos,economica
economiica,economica
economizar,economizar
edificar,edificar
edicifio,edificio
edidificio,edificio
edificacon,edificio
edificio,edificio
edificiop,edificio
educativo,educativo
efectivamenda,efectivamente
efectivamente,efectivamente
efectividad,efectividad
ejecucion,ejecucion
ejecucon,ejecucion
ejecutar,ejecutar
ejercitar,ejecutar
elaborar,elaborar
electrica,electrica
electrodomesticos,electrodomestico
electromagnetico,electromagnetico
electronico,electronico
electronicos,electronico
eliminar,eliminar
embargar,embargar
embotellamiento,embotellamiento
emergencia,emergencia
emergenica,emergencia
empa,empalmar
empalmar,empalmar
empalmarsen,empalmar
empez,empezar
empezar,empezar
empezo,empezar
emplear,emplear
empotado,empotrado
empotadro,empotrado
empotradonadie,empotrado
empotrar,empotrado
empotrdo,empotrado
semiempotrado,empotrado
empotrardo,empotrado
empres,empresa
empresa,empresa
encajar,encajar
encargar,encargar
encerar,encerrar
encerrar,encerrar
encerro,encerrar
enserar,encerrar
enchapar,enchapar
encimar,encima
contrado,encontrado
encintrado,encontrado
encontradoo,encontrado
encentra,encontrar
enceuntran,encontrar
encintran,encontrar
encontes,encontrar
encontr,encontrar
encontra,encontrar
encontrar,encontrar
encontrarlo,encontrar
encontrarse,encontrar
encontro,encontrar
encuencuentra,encontrar
cuentras,encuentra
encuenta,encuentra
encuentan,encuentra
encuentr,encuentra
encuentro,encuentra
encuentrra,encuentra
encuetra,encuentra
encunentra,encuentra
encunetra,encuentra
encuntra,encuentra
enhcuentra,encuentra
enuentre,encuentra
energia,energia
enfermo,enfermo
enfurecer,enfurecer
engrasar,engrasar
enojar,enojar
enrrejado,enrejado
enrejar,enrejar
enseguida,enseguida
enterrar,enterrar
entornar,entonar
entrar,entrar
entreaga,entrega
entregar,entregar
envia,envia
envian,envia
enviar,enviar
enviarlo,enviar
equipar,equipar
equipo,equipo
equivalente,equivalente
equivocar,equivocar
error,error
escalar,escalar
escalera,escalera
escapotando,escapotando
escolar,escolar
escombrar,escombro
escombro,escombro
escribir,escribir
escuchar,escuchar
escula,escuela
espaciar,espaciar
espantar,espantar
especial,especial
esperar,esperar
expesor,espesor
esporadicamente,esporadicamente
exporadicamente,esporadicamente
esquinar,esquinar
estable,estable
establecimiento,establecimiento
estacion,estacion
estacon,estacion
estadio,estadio
estadohabitantes,estado
etado,estado
nestado,estado
estalladam,estallada
estalllada,estallada
estallar,estallar
estan,estan
estancar,estancar
estanterias,estanteria
estar,estar
este,este
estibar,estibar
estimar,estimar
estrato,estrato
estrechar,estrechar
estrellar,estrellar
estructurar,estructurar
estudiante,estudiante
estudiar,estudiar
estubo,estuvo
etapa,etapa
etcétera,etcetera
evacua,evacua
evacuacion,evacuacion
evaluacon,evaluacion
evaluar,evaluar
evento,evento
eventualmente,eventualmente
evidenciar,evidenciar
exactamente,exactamente
exacto,exacto
exaltar,exaltar
escaba,excava
escava,excava
excabacion,excavacion
excavacion,excavacion
excabar,excavar
escremento,excremento
excrementar,excremento
escrementeo,excremento
excursión,excursion
exigir,exigir
exister,existe
existir,existe
exite,existe
exiten,existen
existente,existente
exstente,existente
existia,existia
existian,existia
existio,existia
exstian,existia
expendio,expendio
explicar,explicar
exponer,exponer
extenso,extenso
exterior,exterior
extena,externa
extera,externa
externahabitantes,externa
externo,externa
exerna,externa
exticion,extincion
extincion,extincion
extractar,extractar
fabricacion,fabricacion
favrican,fabrican
fabricar,fabricar
fachado,fachada
facil,facil
facilidad,facil
facilitar,facilitar
facturacion,facturacion
facturacon,facturacion
facturar,facturar
fracturar,facturar
fallo,fallo
falto,faltar
familia,familia
familiar,familiar
favor,favor
fec,fecha
fechar,fecha
fecho,fecha
ferreteria,ferreteria
festival,festival
festividad,festividad
fichar,fichar
fichera,fichero
fichero,fichero
fiesta,fiesta
figua,figurar
figurar,figurar
fijar,fijar
fijo,fijo
filtrar,filtrar
filto,filtro
fin,fin
final,final
finar,final
finca,finca
finquita,finca
firmar,firmar
fisica,fisica
fisico,fisica
fisicamente,fisicamente
fisiologicas,fisiologica
fisura,fisura
fisurada,fisurada
flijo,flujo
flujo,flujo
fondo,fondo
formar,formar
foots,fotos
foto,fotos
fotografias,fotos
fotografico,fotos
fotograficos,fotos
fots,fotos
fraude,fraude
frecuencia,frecuencia
frecuentar,frecuentar
frenar,frenar
frente,frente
frante,frente
fria,frio
frio,frio
frita,frita
fuego,fuego
fuente,fuente
fuerta,fuerte
fuer,fuerza
fuega,fuga
fgua,fuga
figa,fuga
fua,fuga
fug,fuga
fuga,fuga
fugar,fuga
fuge,fuga
fuuga,fuga
gfuga,fuga
funcion,funcion
funcionar,funcion
funcionario,funcion
funiciona,funciona
funcionamiento,funcionamiento
fundacion,fundacion
furioso,furioso
gabinete,gabinete
galeria,galeria
galvanizadad,galvanizada
galvanizar,galvanizar
ganar,ganar
garaje,garaje
garant,garantia
garantia,garantia
garantias,garantia
gas,gas
gasolina,gasolina
gastar,gastar
gasto,gasto
general,general
generar,generar
gente,gente
geo,geofono
geofono,geofono
geotecnicos,geotecnicos
gestion,gestion
gestionar,gestionar
gimnasio,gimnasio
girar,girar
glorieta,glorieta
gotera,gotera
gracia,gracia
gradar,gradar
grado,grado
grafico,grafico
gran,gran
grande,gran
granito,granito
granitopap,granito
graso,graso
gratis,gratis
girs,gris
gris,gris
grosero,grosero
grosor,grosor
grupo,grupo
guardadero,guardadero
guardar,guardar
guarderia,guarderia
haber,haber
haba,habia
habaia,habia
habia,habia
habian,habia
habieta,habia
habilitar,habilitar
habitacion,habitacion
habitación,habitacion
habitacional,habitacion
habitacionales,habitacion
abitacionales,habitacion
nohabitacionales,habitacion
hab,habitante
habit,habitante
habitamtes,habitante
habitante,habitante
habt,habitante
mhabitantes,habitante
bitantes,habitantes
epmhabitantes,habitantes
itantes,habitantes
sectorhabitantes,habitantes
abitantes,habitantes
habitar,habitar
hacer,hacer
hacerle,hacer
hacerlo,hacer
hacia,hacer
hacian,hacer
hacien,hacer
hall,hallar
hallar,hallar
hangar,hangar
hara,hara
hasta,hasta
hat,hasta
hecho,hecho
heladeria,heladeria
helar,helar
hembra,hembra
hermanar,hermano
hermano,hermano
herraje,herraje
herramienta,herramienta
herramiento,herramienta
herrar,herrar
herrero,herrero
hcieron,hicieron
hiceron,hicieron
hidrante,hidrante
hidrahulicos,hidraulico
hidraulico,hidraulico
hidraulicos,hidraulico
hudraulicos,hidraulico
higuiene,higiene
hijo,hijo
historia,historia
historial,historial
hombre,hombre
hondo,hondo
hora,hora
horario,horario
hospedaje,hospedaje
hospital,hospital
hospitalizar,hospitalizar
hotel,hotel
hueco,hueco
humanar,humanar
humedad,humedad
humedas,humedas
hurtar,hurtar
urtaron,hurtaron
identidad,identidad
identificacon,identificar
identificar,identificar
iglesia,iglesia
igual,igual
igualmente,igual
ilegble,ilegible
ilegibl,ilegible
ilegible,ilegible
ilegiblenota,ilegible
ilegigle,ilegible
ilegille,ilegible
ileguble,ilegible
ilgible,ilegible
ilegbigle,ilegible
imactada,impactada
impactar,impactar
impedimento,impedimento
impedia,impedir
impedir,impedir
imperceptible,imperceptible
implemento,implemento
imponer,imponer
imposibilitar,imposibilitar
imposible,imposible
imposiblitan,imposible
incendiar,incendiar
incendio,incendio
incluir,incluir
incomodar,incomodar
inconforme,inconforme
inconsistente,inconsistente
incorporacon,incorporar
incorrecto,incorrecto
incrementar,incrementar
incumplimiento,incumplimiento
independiente,independiente
independizacion,independizar
independizar,independizar
indicacion,indicacion
indicar,indicar
indicarnos,indicar
indiciar,indiciar
indicio,indiciar
indigente,indigente
indisponer,indisponer
individual,individual
industrial,industrial
inestabilidad,inestable
inestable,inestable
infantil,infantil
influenciar,influenciar
infoma,informa
informar,informa
informarle,informa
infoormacion,informacion
informaci,informacion
informacion,informacion
informacionse,informacion
informacon,informacion
inofrmacion,informacion
inormacion,informacion
inromacion,informacion
infoman,informan
infraestructura,infraestructura
inforacion,infromacion
ingeniero,ingeniero
ingresar,ingresar
inhabilitar,inhabilitar
inicial,inicial
iniciar,iniciar
inmediato,inmediato
inmobiliario,inmobiliario
inmobiliatio,inmobiliario
inmueble,inmueble
inquila,inquilino
inquilino,inquilino
inquilino,inquilino
inquilno,inquilino
inquilinis,inquilino
instito,insisto
inspeccion,inspeccion
einstala,instala
insatlaba,instalaba
instalaba,instalaba
insalacion,instalacion
instal,instalacion
instalaci,instalacion
instalacin,instalacion
instalacio,instalacion
instalacion,instalacion
instalación,instalacion
instalacionde,instalacion
instalacionn,instalacion
instalacioon,instalacion
instalaco,instalacion
instalacon,instalacion
instalcion,instalacion
instlacion,instalacion
intalacion,instalacion
nstalacion,instalacion
instacion,instalacion
insatalado,instalado
instaladi,instalado
instaladio,instalado
instaladosin,instalado
instalaldo,instalado
instalao,instalado
instaldo,instalado
intalado,instalado
isntalado,instalado
nstalado,instalado
insala,instalar
instalaa,instalar
instalar,instalar
instalarlo,instalar
instar,instalar
instla,instalar
intala,instalar
isntala,instalar
isntalar,instalar
isntalo,instalar
institucion,institucion
instruccion,instrucción
instruccon,instrucción
insultar,insultar
intemperie,intemperie
interperie,intemperie
interpiere,intemperie
intendente,intendente
intentar,intentar
intercepcion,intercepcion
interconectar,interconectar
interesar,interesar
interferir,interferir
int,interior
inte,interior
interior,interior
interiormente,interior
insterna,interna
intena,interna
intenas,interna
intenra,interna
internahabitantes,interna
internamente,interna
internamentemhabitantes,interna
internar,interna
interno,interna
intenrnamente,interna
intern,interna
internet,internet
internors,interno
intervencion,intervenir
intervenir,intervenir
internventoria,interventoria
interventoira,interventoria
interventor,interventoria
interventoria,interventoria
interverntora,interventoria
intervetoria,interventoria
inteventor,interventoria
intimidar,intimidar
inundar,inundar
invadir,invadir
investigacion,investigacion
investigacon,investigacion
investigar,investigar
irregualar,irregular
irregular,irregular
irregularmente,irregular
irregularidad,irregularidad
item,item
izquierdo,izquierdo
jardin,jardin
jardín,jardin
jardineria,jardineria
jardinero,jardinero
jaula,jaula
jornada,jornada
jugo,jugo
juntar,juntar
junto,juntar
justicia,justicia
labor,labor
laboral,laboral
laborar,laborar
lab,laboratorio
laboratoria,laboratorio
laboratorio,laboratorio
labortatorio,laboratorio
lanoratorio,laboratorio
laboratio,laboratorio
lado,lado
laminar,laminar
largar,largar
latoneria,latoneria
lavadero,lavadero
lavador,lavadero
lavadora,lavadora
lavadorea,lavadora
lavamano,lavamano
lavamanos,lavamano
lavander,lavanderia
lavanderia,lavanderia
lavar,lavar
lavarce,lavarse
lavarse,lavarse
leche,leche
lector,lector
ectura,lectura
lec,lectura
lecctura,lectura
lect,lectura
lectra,lectura
lectrura,lectura
lectua,lectura
lectuea,lectura
lectura,lectura
lecturar,lectura
lecturia,lectura
lectutra,lectura
lecura,lectura
lecuta,lectura
lecutra,lectura
lectuiras,lectura
leer,leer
legal,legal
legalizacion,legalizar
legalizar,legalizar
legbile,legible
legible,legible
leian,leian
leido,leido
lento,lento
levantar,levantar
liberar,liberar
libertar,liberar
licenciar,licenciar
licor,licor
licorera,licor
limpa,limpiar
limpiar,limpiar
limpio,limpiar
limpieza,limpieza
linear,lineal
lineamiento,lineamiento
listadode,listado
listrado,listado
lstado,listado
listar,listar
litografia,litografia
litro,litro
lllama,llama
llamar,llamar
llanta,llanta
lalve,llave
lalves,llave
llava,llave
llave,llave
llavea,llave
llaver,llave
llavers,llave
llve,llave
llaaves,llaves
llavas,llaves
llavees,llaves
llavesni,llaves
llavesno,llaves
lllave,llaves
lllaves,llaves
llagar,llegar
lledo,llegar
llegar,llegar
llenar,llenar
lleno,llenar
llevar,llevar
llover,llover
lluvia,llover
lical,local
loc,local
local,local
localizar,local
locl,local
lodo,lodo
londo,lodo
lograr,lograr
loma,loma
lote,lote
loza,loza
lugar,lugar
machacar,machcacar
maderar,madera
magnitud,magnitud
mal,mal
malesa,maleza
maleza,maleza
mallar,mallar
malo,malo
maltratar,maltratar
mandar,mandar
mandarle,mandar
manejar,manejar
manera,manera
mangera,manguera
manguera,manguera
manfiesta,manifiesta
maniesta,manifiesta
manifestar,manifiesta
manifesto,manifiesta
manifiestaque,manifiesta
manifiestata,manifiesta
manifiesto,manifiesta
manifieta,manifiesta
manilla,manilla
maniipulacion,manipulacion
manipualacion,manipulacion
manipualcion,manipulacion
manipulaci,manipulacion
manipulacin,manipulacion
manipulacio,manipulacion
manipulacioin,manipulacion
manipulacion,manipulacion
manipulación,manipulacion
manipulacon,manipulacion
manipulacuion,manipulacion
manipulacuon,manipulacion
manipulaicon,manipulacion
manipulaucon,manipulacion
mannipulacion,manipulacion
manopulacion,manipulacion
manpulacion,manipulacion
manipular,manipular
manipularla,manipular
mano,mano
mantener,mantener
mantenian,mantener
mantenifiento,mantenimiento
mantenimeinto,mantenimiento
mantenimiento,mantenimiento
mantenimientp,mantenimiento
marqueteria,maqueteria
maquinar,maquinar
maquinaria,maquinar
marcanda,marcada
marcarda,marcada
marcar,marcar
mascota,mascota
materia,material
material,material
mauor,mayor
mayar,mayor
mayor,mayor
mayorca,mayorca
mayoria,mayoria
mecanica,mecanico
mecanico,mecanico
mecanismo,mecanismo
mediante,mediante
medidante,mediante
mediccion,medicion
medici,medicion
medicion,medicion
medicon,medicion
didor,medidor
edidor,medidor
elmedidor,medidor
idor,medidor
maedidor,medidor
mdidor,medidor
mdor,medidor
med,medidor
meddior,medidor
meddor,medidor
medidior,medidor
medidiores,medidor
medidir,medidor
medidono,medidor
medidor,medidor
medidorse,medidor
medidorsolo,medidor
medidory,medidor
medidr,medidor
medidro,medidor
mediodr,medidor
medior,medidor
meiddor,medidor
meidodr,medidor
meidor,medidor
nmedidor,medidor
medires,medidor
mediro,medidor
medio,medio
mediar,medir
medir,medir
mejor,mejor
mejorar,mejorar
mencionar,mencionar
mension,mencionar
mesion,mencionar
menor,menor
mesnos,menos
mensual,mensual
mental,mental
mente,mente
mentir,mentir
mercadao,mercado
mercancia,mercancia
merar,mercar
mercar,mercar
metal,metal
metalica,metalica
meter,meter
metro,metro
metroplus,metroplus
metropolitano,metropolitano
mientras,mientras
mineral,mineral
mini,mini
minimo,minimo
minucioso,minucioso
minuto,minuto
mirador,mirador
murar,mirar
mirar,mirar
misionero,misionero
mismo,mismo
mitad,mitad
modificacion,modificacion
modificación,modificacion
modificar,modificacion
molestar,molestar
molesto,molestar
momentanea,momentaneo
momento,momento
moomneto,momento
monetario,monetario
montaje,montaje
montallanta,montallanta
montallantas,montallanta
montar,montar
moral,moral
morasa,mostrar
mostrar,mostrar
mostro,mostrar
motel,motel
motivar,motivar
motivo,motivo
moto,moto
mover,mover
moverla,mover
movilidad,movilidad
moviento,movimiento
movimiento,movimiento
muchacho,muchacho
mucho,mucho
mudar,mudar
mudarse,mudar
mueble,mueble
mundo,mundo
municipio,municipio
munificio,municipio
musicar,musica
nacimiento,nacimiento
anadie,nadie
nadi,nadie
nadide,nadie
nadie,nadie
nadien,nadie
naid,nadie
ndaie,nadie
ndie,nadie
natural,natural
naturista,naturista
necesario,necesario
necesidad,necesidad
necesides,necesidad
necesitar,necesitar
negar,negar
negativo,negativo
negociar,negociar
negro,negro
nicho,nicho
nichoo,nicho
nido,nido
ningua,ninguna
ninguan,ninguna
ninguno,ninguna
nnguna,ninguna
nungun,ninguna
nunguna,ninguna
no,no
noche,noche
nocher,noche
nombrar,nombrar
nomenclatura,nomenclatura
norma,normal
normal,normal
normaldad,normalidad
normaliad,normalidad
normaldiad,normalidad
normalidad,normalidad
normalidadd,normalidad
normaliadad,normalidad
normalizacion,normalizacion
normaliada,normalizada
normalida,normalizada
normaluzado,normalizada
normaliasr,normalizar
normaliazar,normalizar
normalizar,normalizar
normalza,normalizar
normalzar,normalizar
normalzia,normalizar
normalziar,normalizar
normalziaar,normalizar
normalmente,normalmente
norte,norte
noto,nota
notar,notar
notario,notario
notificacion,notificacion
notificacon,notificacion
notific,notificar
notificar,notificar
novedad,novedad
nuevo,nuevo
nuevp,nuevo
numerar,numerar
objetar,objeto
obrar,obra
boserva,observa
bserva,observa
bservan,observa
ibserva,observa
obbserva,observa
oberva,observa
observamedidor,observa
observana,observa
observar,observa
obseva,observa
obsevan,observa
obsevarn,observa
obsrva,observa
obsrvan,observa
obsserva,observa
onserva,observa
opbservan,observa
seobserva,observa
seobservan,observa
oservan,observa
observaci,observacion
observacion,observacion
observacon,observacion
obervan,observan
eobservan,observar
observ,observar
vaciones,observar
eobserva,obsevar
obsoleto,obsoleto
obstaculizar,obstaculizar
obstaculo,obstaculo
ostaculo,obstaculo
obstaculos,obstacuo
obstruccon,obstruccion
obtener,obtener
ocacion,ocasiona
ocaciona,ocasiona
ocaciones,ocasiona
ocasionalno,ocasiona
ocasionar,ocasiona
ocasionalmente,ocasionalmente
ocupacion,ocupacion
ocupante,ocupante
ocupandolo,ocupar
ocupar,ocupar
odontologico,odontologico
oficiar,oficial
oficina,oficina
oficiona,oficina
oficna,oficina
oficnas,oficina
oficio,oficio
oido,oido
ajol,ojal
ijal,ojal
oajl,ojal
ojal,ojal
ojalhabitantes,ojal
ojall,ojal
ojalnadie,ojal
ojalpredio,ojal
oja,ojal
opacar,opaco
opaco,opaco
operar,operar
oportuno,oportuno
optica,optica
oral,oral
orar,oral
orden,orden
rden,orden
ordenar,ordenar
organizar,organizar
orientar,orientar
orficio,orificio
orifcio,orificio
orificar,orificio
orificio,orificio
orificion,orificio
orificiop,orificio
orificoo,orificio
orififcio,orificio
orifiicio,orificio
rificio,orificio
orifici,orificio
otro,otro
oxidar,oxidar
paciente,paciente
pagar,pagar
paginacion,paginar
pais,pais
palo,palo
panader,panaderia
panaderia,panaderia
pandemia,pandemia
pantano,pantano
papeleria,papeleria
papeleta,papeleta
papitas,papitas
paradero,paradero
paralelo,paralelo
parar,parar
parche,parche
parecer,parecer
parde,pared
pared,pared
parejo,parejo
parir,parir
parque,parque
parquadero,parqueadero
parqueadero,parqueadero
parquear,parqueadero
parraco,parroco
parroquia,parroquia
parroquial,parroquia
particular,particular
apartir,partir
partir,partir
pasamanos,pasamanos
npasar,pasar
pasar,pasar
pasarlo,pasar
pasear,pasear
paso,paso
pasteler,pasteleria
pato,pato
patron,patron
pavimentar,pavimentar
payaso,payaso
pealpe,pealpe
peatón,peatonal
peatonal,peatonal
peronal,peatonal
pedazo,pedazo
pedir,pedir
pegar,pegar
pelear,pelear
peligrar,peligrar
peligo,peligro
peligrosidad,peligro
peligroso,peligro
peluqieria,peluqueria
peluquer,peluqueria
peluqueria,peluqueria
peluquero,peluqueria
pendiente,pendiente
pensar,pensar
perceptible,perceptible
perder,perder
perforar,perforar
perfumar,perfumar
pericial,pericial
perimetro,perimetro
periodo,periodo
perjudicar,perjudicar
permace,permanece
permanace,permanece
permanacen,permanece
permance,permanece
permancen,permanece
permanecer,permanece
permanecian,permanece
permanecio,permanece
permanente,permanente
permea,permea
permiso,permiso
permiete,permite
permitio,permite
permitir,permitir
permitira,permitir
pero,pero
perrero,perrero
perro,perro
presona,persona
person,persona
personaje,personaje
personal,personal
personar,personal
personasl,personal
perssonal,personal
perosnas,personas
persnas,personas
personasy,personas
pesonas,personas
permetece,pertenece
pernetece,pertenece
pertence,pertenece
pertene,pertenece
pertenecea,pertenece
pertenecer,pertenece
pertenecia,pertenece
pertenecio,pertenece
pertenencia,pertenece
perternece,pertenece
pesar,pesar
pescaderia,pescaderia
pescar,pescar
peticion,peticion
petreo,petreo
pecar,picar
piedra,piedra
pilar,pilar
pintura,pintura
pinturar,pintura
pisar,pisar
piscina,piscina
piso,piso
piotrra,pitorra
pitora,pitorra
pitorar,pitorra
pitorr,pitorra
pitorra,pitorra
pitorras,pitorra
pitorrra,pitorra
pitrorra,pitorra
ptiorra,pitorra
mpitorras,pitorras
pizzeria,pizzeria
placa,placa
planca,placa
plantar,plantar
plastica,plastico
plastico,plastico
plasticos,plastico
plata,plata
platinar,platinar
plato,plato
playa,playa
plaza,plaza
poseta,poceta
posetas,poceta
poco,poco
poder,poder
poderlo,poder
podia,poder
podian,poder
podran,poder
podria,poder
podrian,poder
podidra,podrida
podrir,podrir
polic,policia
policia,policia
polietileno,polietileno
pollo,pollo
poner,poner
ponerlo,poner
popular,popular
poquito,poquito
porcicultura,porcicultura
poccion,porcion
porque,porque
porqye,porque
proque,porque
prque,porque
portafolio,portafolio
portal,portal
piorteria,porteria
porter,porteria
porteri,porteria
porteria,porteria
porterio,porteria
porterno,porteria
portero,porteria
posar,posar
poseer,poseer
posibilidad,posibilidad
posble,posible
posible,posible
posiblemente,posible
poscion,posicion
posicion,posicion
posicon,posicion
posicio,posicion
positivo,positivo
posteriormente,posterior
posventa,posventa
potable,potable
pozo,pozo
practicamente,practica
practicar,practicar
precario,precario
preciar,preciar
precintar,precinto
presinto,precinto
precison,precision
perdio,predio
pred,predio
predi,predio
predio,predio
prediono,predio
predioo,predio
predo,predio
preido,predio
preio,predio
redio,predio
preidio,predio
redios,predios
preferir,preferir
preguntar,preguntar
prender,prender
prepago,prepago
preparar,preparar
presenciar,presenciar
presentar,presentar
presidente,presidente
predsion,presion
preison,presion
presi,presion
presin,presion
presio,presion
presiom,presion
presion,presion
presionhabitantes,presion
preson,presion
prsion,presion
prestar,prestar
presto,prestar
presupuestar,presupuestar
prevee,prevee
previo,previo
primar,primario
primero,primero
prmero,primero
primo,primo
principal,principal
principiar,principiar
privar,privar
probablemente,probablemente
probar,probar
problema,problema
problematica,problema
proceder,proceder
rocede,proceder
procedea,proceder
procediimiento,procedimiento
procedimiento,procedimiento
procesadora,procesadora
proceeso,proceso
procesar,proceso
proceso,proceso
produccion,produccion
producir,producir
productividad,productividad
producots,productos
producto,productos
profundida,profundidad
profundidad,profundidad
profunco,profundo
profundar,profundo
profundo,profundo
programar,programar
progresivo,progresivo
prohibir,prohibir
promediar,promediar
promedi,promedio
promedio,promedio
promedo,promedio
promerio,promedio
pronto,pronto
propiedad,propiedad
propiertario,propietario
propietario,propietario
propio,propio
provisional,provisional
provisionalmente,provisional
probocar,provocar
proximamente,proximo
proximo,proximo
proximos,proximo
proyectar,proyectar
enprueba,prueba
preeba,prueba
preuba,prueba
prieba,prueba
pruba,prueba
pruea,prueba
prueb,prueba
prueba,prueba
pruebade,prueba
prueballaves,prueba
pruebba,prueba
prueeba,prueba
pruena,prueba
pruyeba,prueba
pureba,prueba
rpueba,prueba
rueba,prueba
publicar,publicar
publicos,publico
peude,puede
puebe,puede
puente,puente
peuerta,puerta
puert,puerta
puerta,puerta
puerto,puerta
pueta,puerta
pyerta,puerta
uerta,puerta
pulir,pulir
pto,punto
ptos,punto
pun,punto
punt,punto
punta,punto
punto,punto
puro,puro
putrefactea,putrefacta
putrefacteas,putrefacta
putrefacto,putrefacta
pvc,pvc
quebrar,quebrar
qued,quedar
quedar,quedar
quedo,quedo
quejar,quejar
quemar,quemar
querer,querer
queso,queso
quimicos,quimicos
quimido,quimicos
quinto,quinto
quizo,quiso
quitar,quitar
quitarlos,quitar
quito,quitar
eracor,racor
raacor,racor
raco,racor
racor,racor
racore,racor
racorn,racor
racorno,racor
racorres,racor
racors,racor
racrores,racor
raocr,racor
deracores,racores
recores,racores
radicadoen,radicado
rapida,rapida
rapidas,rapida
rastra,rastro
rastro,rastro
rato,rato
rayar,rayar
raza,raza
reabrir,reabrir
reactivar,reactivas
realizar,realizar
relizar,realizar
realzar,realzar
recargar,recargar
recepcion,recepcion
recibir,recibir
recibirla,recibir
resivo,recibo
reciclaje,reciclaje
reciclnado,reciclando
ciclar,reciclar
reciclar,reciclar
recien,recien
reclamar,reclamar
recoger,recoger
recoje,recoger
recojen,recoger
recojer,recoger
recomendacion,recomendación
recomendar,recomendar
recomienta,recomendar
recomientda,recomendar
reconectado,reconectado
reconectados,reconectado
reconectada,reconectado
reconectar,reconectar
recontra,recontra
recorrer,recorrer
recortar,recortar
recreativo,recreativo
recuperacion,recuperacion
recurentes,recurrente
recurso,recurso
red,red
remidemcionado,redimensionado
redimensionamiento,redimensionamiento
redimensionar,redimensionar
redondo,redondo
reducir,reducir
reemplantando,reemplazado
refencia,referencia
referenciar,referencia
reflejar,reflejar
reformar,reformar
refrigerador,refrigerar
regalar,regalar
regar,regar
egistra,registra
ergistra,registra
regisra,registra
regisrta,registra
regista,registra
registr,registra
registracon,registra
registrar,registra
registrra,registra
regsitra,registra
regstra,registra
reigstra,registra
reistra,registra
restrada,registra
rgistra,registra
registando,registrando
registrandor,registrando
registrano,registrando
regitrando,registrando
regristrando,registrando
regsitrando,registrando
regstrando,registrando
regustrando,registrando
reistrando,registrando
registro,registro
regresar,regresar
regular,regular
regularidad,regularidad
regularizar,regularizar
regularmente,regularmente
reiniciaron,reiniciaron
reinstalar,reinstalar
reja,reja
rejilla,reja
regilla,reja
relacon,relacion
relativo,relativo
reloj,reloj
relojeria,relojeria
rematar,rematar
remiteir,remitir
remitir,remitir
remodelacion,remodelacion
remodelar,remodelar
reemplazar,remplazar
renovacion,renovacion
reparaci,reparacion
reparacion,reparacion
reparación,reparacion
reparacon,reparacion
reparads,reparado
repararda,reparado
repar,reparar
reparar,reparar
repetidor,repetir
repetir,repetir
repetitivo,repititivo
reportar,reportar
reposicion,reposicion
reposion,reposicion
reposteria,reposteria
reprogramacion,reprogramacion
nreprogramar,reprogramar
reprogramar,reprogramar
reprograme,reprogramar
reprogramo,reprogramar
repuesto,repuesto
requerir,requerir
requerirlo,requerir
requisistos,requisito
requisito,requisito
resanar,resanar
rezana,resanar
reservar,reservar
residencial,residencial
residenciar,residencial
resien,residencial
residual,residual
respectivo,respectivo
respetar,respetar
responder,responder
responsable,responsable
respuesta,respuesta
restar,restar
restaurante,restaurante
restuarante,restaurante
resturante,restaurante
restringir,restringir
resultar,resultar
retener,retener
retir,retirar
retirar,retirar
retirarlo,retirar
retirarnos,retirarnos
retornar,retornar
reubicacion,reubicacion
reubicar,reubicar
reunión,reunion
reutilizar,reutilizar
rebentada,reventada
rebentado,reventada
reventar,reventar
revento,revento
revistar,revisar
revisar,revisar
revisarlo,revisar
revicion,revision
revisi,revision
revision,revision
revisión,revision
revison,revision
revisor,revisor
revolución,revolucion
revuelteria,revuelteria
riesgo,riesgo
robar,robar
romper,romper
ropa,ropa
rotacion,rotar
rotar,rotar
roturar,rotura
rudimentario,rudimentario
ruido,ruido
roptura,ruptura
rural,rural
saber,saber
sacar,sacar
sacerdote,sacerdote
salar,salar
saldar,saldar
salio,salio
salir,salir
salon,salon
salsa,salsa
salsamentaria,salsamentaria
saltar,saltar
salud,salud
sanear,sanear
sanitario,sanitario
santo,santo
santuario,santuario
sector,sector
serctor,sector
sectori,sector
sedar,sedar
sebe,sede
sede,sede
seguidamente,seguido
seguimiento,seguimiento
seguir,seguir
segun,segun
segin,según
seugn,según
segundar,segundo
segundo,segundo
seguiradad,seguridad
seguirdad,seguridad
seguridad,seguridad
seguridada,seguridad
cella,sella
sellar,sellar
consello,sello
sell,sello
sello,sello
selloe,sello
selloepm,sello
selo,sello
sllo,sello
ssello,sello
semana,semana
semi,semi
seminario,seminario
separador,separador
separar,separar
sepultar,sepultar
seriar,serial
seir,serie
ser,serie
sere,serie
serie,serie
seriehabitantes,serie
seri,serie
serivicio,servicio
servcio,servicio
servic,servicio
serviciio,servicio
servicio,servicio
servicioo,servicio
servico,servicio
servio,servicio
sevicio,servicio
servcicio,servicio
servir,servir
sexto,sexto
si,si
simepre,siempre
simeprehabitantes,siempre
simpre,siempre
signo,signo
siguiente,siguiente
sijin,sijin
siin,sin
sin,sin
sinanomalia,sin
sino,sino
sintetica,sintetica
siquiera,siquiera
sisitema,sistema
sistema,sistema
sitiar,sitiar
citio,sitio
situar,situar
sobrar,sobrar
sobrre,sobre
social,social
soldadura,soldar
soldar,soldar
soler,soler
salicita,solicita
solicictada,solicitada
solicitadad,solicitada
solictada,solicitada
soliticada,solicitada
solicitar,solicitar
solicitd,solicitud
solicitid,solicitud
solicitud,solicitud
solicituda,solicitud
solictud,solicitud
solitud,solicitud
solo,solo
solucion,solucion
solucionar,solucionar
solucionarlo,solucionar
soma,soma
someter,someter
somertido,sometido
sonido,sonido
soplar,soplar
soportar,soportar
sospechar,sospechar
sospechs,sospechar
spa,spa
subestacion,subestacion
subia,subia
subio,subir
subir,subir
subregistrando,subregistrando
suterraneo,subterraneo
suceder,suceder
sueceda,suceder
sucesion,sucesion
sucio,sucio
suelo,suelo
sueltaa,suelta
suelto,suelta
suete,suelta
suficiente,suficiente
sugerir,sugerir
sujetar,sujetar
sujeto,sujeto
suminiistra,suministra
sumininstran,suministran
suministar,suministrar
suministr,suministrar
suministrar,suministrar
suminitrar,suministrar
suminsitra,suministrar
suminsitrar,suministrar
suminstra,suministrar
suminstrar,suministrar
sumunistra,suministrar
super,super
superficial,superficial
superior,superior
supermercado,supermercado
supervison,supervision
supervisor,supervisor
suponer,suponer
supuestamente,supuesto
sur,sur
surtian,surtian
surtiendeo,surtiendo
surtiendose,surtiendo
surtia,surtir
surtir,surtir
surtirse,surtirse
suscribir,suscribir
suscripcon,suscripcion
suspender,suspender
suspendio,suspendio
suspencion,suspension
suspension,suspension
taberna,taberna
tabla,tabla
tablado,tablado
tablero,tablero
tableta,tabletas
taco,taco
tacto,tacto
tallar,tallar
taller,taller
tambi,tambien
tambien,tambien
tanque,tanque
tanquees,tanque
tanto,tanto
contapa,tapa
sintapa,tapa
tapahabitantes,tapa
tapap,tapar
tapar,tapar
tapiceria,tapiceria
tapon,tapon
taponar,taponar
taponarla,taponar
tardar,tardar
tarde,tarde
tarea,tarea
tarifanfa,tarifa
tarifar,tarifar
tarima,tarima
targeta,tarjeta
tarjeta,tarjeta
tarro,tarro
teatro,teatro
tecnicamente,tecnicamente
tecnicas,tecnico
tecnico,tecnico
tecnicos,tecnico
tecnocas,tecnico
tecnica,tecnico
tecnol,tecnologia
tecnolog,tecnologia
tecnologia,tecnologia
tecncologico,tecnologico
tecnlogico,tecnologico
tecnolocigo,tecnologico
tecnologcico,tecnologico
tecnologcio,tecnologico
tecnologico,tecnologico
tecnologicoi,tecnologico
teconlogico,tecnologico
teconologico,tecnologico
tencologico,tecnologico
tecnologco,tecnologico
tecnoliogico,tecnologico
tecnoligco,tecnologico
tejer,tejer
tela,tela
telefonica,telefonica
telefonicamente,telefonica
telefonico,telefonica
telef,telefono
telefonia,telefono
telefono,telefono
telefonos,telefono
temer,temer
temporaban,temporal
temporada,temporal
temporal,temporal
tempotral,temporal
temporalmente,temporalmente
temporalmete,temporalmente
tempotralmente,temporalmente
termporalmente,temporalmente
temporalmentea,temporalmente
temporalmenta,temporalmente
tender,tender
ntiene,tener
tener,tener
tenia,tenia
tenian,tenia
tercero,tercero
terminal,terminal
terminandolo,terminandolo
terminar,terminar
terraza,terraza
terreno,terreno
terrreno,terreno
tesoro,tesoro
teteros,tetero
texaco,texaco
textilera,textil
tiempo,tiempo
tienda,tienda
tien,tiene
tine,tiene
tinene,tiene
tierar,tierra
tierra,tierra
tierra,tierra
tierrra,tierra
timbrar,timbrar
tintoreria,tintoreria
tipo,tipo
tirar,tirar
tocar,tocar
tocaria,tocar
todavia,todavia
todo,todo
tomaen,tomar
tomar,tomar
tornilla,tornillo
tornillo,tornillo
torrar,torre
torre,torre
torta,torta
tos,tos
tostao,tostao
total,total
totala,total
totalmente,total
totoal,total
totalidad,totalidad
toxica,toxica
trabajador,trabajador
trabajdo,trabajador
trabjado,trabajador
trabjando,trabajando
trabajanban,trabajar
trabajao,trabajar
trabajar,trabajar
trabajarr,trabajar
trabajn,trabajar
trabajo,trabajar
trbaja,trabajar
portrabajo,trabajo
tradicional,tradicional
traer,traer
tramitar,tramitar
transcurso,transcurso
trascurso,transcurso
transitar,transitar
translado,translado
tranvia,tranvia
trapear,trapear
trapiar,trapear
trapero,trapero
trasero,trasero
traladar,trasladar
traslad,trasladar
trasladar,trasladar
tratar,tratar
triturar,triturar
trocar,trocar
tubberia,tuberia
tuber,tuberia
tuberia,tuberia
tuberias,tuberia
tuebaria,tuberia
tuebria,tuberia
tubo,tubo
turbinar,turbina
turno,turno
tuviueron,tuvieron
tubieron,tuvieron
obica,ubica
ubicacion,ubicar
ubicar,ubicar
unicamente,unicamente
unico,unico
unica,unico
unicos,unico
uni,unidad
unidad,unidad
unidadesn,unidad
unidadesno,unidad
unifamiliar,unifamiliar
unficado,unificado
unficados,unificado
unifcado,unificado
unifcados,unificado
unificaco,unificado
uniificado,unificado
unificadio,unificado
unificar,unificar
union,union
unir,unir
universidad,universidad
universitario,universitario
uno,uno
uns,uno
urbanismo,urbanismo
urbanizacion,urbanizacion
urgente,urgente
usar,usar
iusuario,usuario
suario,usuario
suuario,usuario
suuaro,usuario
usario,usuario
usauraio,usuario
usauria,usuario
usaurio,usuario
usiario,usuario
usuaia,usuario
usuar,usuario
usuara,usuario
usuari,usuario
usuariao,usuario
usuario,usuario
usuarioa,usuario
usuarion,usuario
usuaro,usuario
usuaurio,usuario
usuria,usuario
usurio,usuario
ususario,usuario
utencilios,utensilios
util,util
utiles,util
utilies,util
uitlizan,utilizan
utiilza,utilizar
utili,utilizar
utilizar,utilizar
vacación,vacaciones
vacacional,vacaciones
vaco,vacia
vaceado,vaciar
vacia,vaciar
vaciar,vaciar
lvula,valvula
valvula,valvula
vandalos,vandalos
variable,variable
varibales,variable
varible,variable
variacion,variacion
varian,varian
variar,varian
varie,varian
variedad,variedad
barilla,varilla
barillas,varilla
varilla,varilla
barrilla,varilla
vario,varios
varios,varios
vecino,vecino
veicnos,vecino
veicno,vecino
vegetacion,vegetacion
vegetal,vegetal
vehicular,vehicular
vehiculos,vehiculos
velez,velez
vencida,vencida
vencimiento,vencimiento
vendedor,vendedor
vender,vender
vendia,vender
vendio,vender
venir,venir
venta,venta
ventar,venta
ventra,venta
ventana,ventana
ventaneria,ventana
ventanilla,ventana
ver,ver
vera,ver
veran,ver
veraz,veraz
verde,verde
veredal,veredal
veridica,veridica
severifica,verifica
verificacion,verificacion
nverificando,verificando
verica,verificar
verifca,verificar
verificar,verificar
verificia,verificar
verifac,verificar
verter,verter
vestir,vestir
veterinario,veterinario
vez,vez
via,via
viaducto,viaducto
viajar,viajar
viaje,viajar
vial,vial
viciar,vicio
vicio,vicio
vida,vida
vide,vida
vidriar,vidrio
biga,viga
viga,viga
vigencia,vigencia
vigilanca,vigilancia
vigilancia,vigilancia
vigilante,vigilante
vigilar,vigilar
villa,villa
vinculacion,vinculacion
violar,violar
violentar,violentar
visajosos,visajosos
visibilidad,visibilidad
visible,visible
viista,visita
viistado,visita
visia,visita
visiita,visita
visitar,visita
vsita,visita
visitante,visitante
visor,visor
visualizar,visualizar
visuliza,visualizar
visualmente,visualmente
vital,vital
vitrificar,vitrificar
vitirna,vitrina
vitrina,vitrina
vivie,viven
vivien,viven
vivenda,vivienda
vivienda,vivienda
viviendasy,vivienda
vivi,vivir
vivian,vivir
vivir,vivir
volquetas,volqueta
volquetada,volquetada
voltear,voltear
volumen,volumen
volumetrico,volumetrico
volver,volver
vomitar,vomitar
bulnerable,vulnerable
sancar,zancar
zapato,zapato
zona,zona
cuarentena,cuarentena
auga,agua
inciste,insiste
areperia,areperia
indispensable,indispensable
direccionnota,direccion
acumular,acumular
publcio,publico
deuda,deuda
desempleado,desempleado
hbilitado,habilitado
orificionadie,orificio
ojalcopia,ojal
convertir,convertir
desusar,desusar
orificiolectura,orificio
solonota,solo
atiede,atiende
cin,con
batallon,batallon
brigada,brigada
intercambiar,intercambiar
ubuico,ubico
unidadeshabitacionales,unidad
recopilar,recopilar
contruyan,construyan
fguas,fuga
aga,agua
sacarlas,sacarla
encementada,encementada
mpalmado,empalmado
original,original
